;Secret;SP500
252;107.2818444961534;112.71782035236379
253;107.21586646996361;111.80321555790918
254;107.19963024119176;112.79483970347576
255;106.34181521252759;111.82247039568718
256;106.1496005242181;111.99576393568908
257;106.62588729081632;112.25570424569197
258;106.595047653039;112.4193703668049
259;106.08682195243574;111.36035428901536
260;105.94552175184133;112.07278328680104
261;105.76486091164601;112.17868489458
262;106.1707085041282;112.9103687301437
263;106.57422784090197;113.12217194570162
264;107.02122365224703;113.65167998459641
265;106.75636610133567;113.64205256570743
266;106.77215170360301;113.70944449793039
267;106.96251728132387;114.32559930682613
268;106.99757631075609;114.30634446904814
269;106.63598297323722;114.26783479349214
270;106.50473082326563;114.1426783479352
271;107.1115990160008;114.47963800905005
272;107.08856789507031;114.50852026571705
273;107.11772003414461;114.3929912390491
274;106.88815014913341;114.24857995571416
275;106.83839470360878;114.1619331857132
276;106.84036151680878;114.44112833349408
277;107.00323485928861;114.49889284682806
278;106.64098140846403;114.24857995571416
279;106.55424175133923;114.46038317127207
280;106.84108973860744;114.652931549052
281;106.61567509791904;114.3737364012711
282;107.01903275556168;114.33522672571512
283;106.67311000855202;112.67931067680782
284;106.48974786874604;112.82372196014275
285;106.80185773537477;113.95975738904427
286;106.62117937964707;113.90199287571029
287;106.73387839536758;114.05603157793422
288;106.12486280478065;112.30384134013698
289;106.21388652535217;112.09203812457908
290;106.09955007240289;112.226821989025
291;106.28314823740826;113.34360258014853
292;106.39714740539947;112.94887840569969
293;106.151416307472;112.71782035236379
294;106.44212557753623;112.90074131125469
295;106.42972885872258;112.95850582458867
296;106.300560860266;113.05478001347863
297;106.22676282789834;113.5746606334844
298;106.80293752986427;114.21969769904713
299;107.25217901182762;114.45075575238303
300;107.49340552548031;113.58428805237341
301;107.68646265310056;113.94050255126623
302;108.03928758326003;113.92124771348824
303;107.6956736669809;113.74795417348632
304;108.00025597560004;114.98026379127779
305;108.44856556756315;115.37498796572662
306;108.39578087422025;115.46163473572759
307;108.67274736341012;115.32685087128164
308;108.59854502082888;115.54828150572853
309;108.44929508789262;115.71194762684146
310;108.57415422802116;115.8371040723984
311;108.87492664551662;115.91412342351039
312;108.73989065697793;115.55790892461754
313;108.5405586478098;115.6349282757295
314;108.71010964380402;115.37498796572662
315;108.77997940081596;115.38461538461561
316;108.9904790171417;115.85635891017643
317;109.22511595639003;116.00077019351137
318;109.02957798682459;116.42437662462721
319;108.9441354918366;116.87686531241
320;109.3787194211288;117.1271782035239
321;109.34828406660299;117.28121690574783
322;109.63840135949808;117.93588139019954
323;109.66179150816754;117.8107249446426
324;109.82249487021264;117.5989217290847
325;110.25758549187177;117.87811687686556
326;109.93294840981127;118.08992009242347
327;109.81402213251553;117.88774429575456
328;110.16123172037294;117.9936459035335
329;110.40871173118565;118.19582170020242
330;109.93608437366044;118.27284105131437
331;109.89306579772864;118.36911524020435
332;110.19135677124606;118.40762491576032
333;110.14685156933172;119.01415230576707
334;109.36461984841777;118.53278136131728
335;109.08914776164282;118.72532973909719
336;108.73149003131834;118.17656686242444
337;108.36935074327225;118.3209781457594
338;109.13945195172687;119.28372003465897
339;109.24168996632272;118.89862327909913
340;108.8423426046466;119.01415230576708
341;109.1533995530483;119.197073264658
342;109.31364563538978;119.22595552132498
343;109.16045529967927;119.59179743910681
344;109.77161803068329;119.74583614133074
345;109.70541887687259;119.72658130355275
346;109.69668230177182;119.89987484355468
347;109.65213923526531;119.44738615577187
348;109.37577824947103;119.34148454799292
349;108.7236372480528;119.45701357466089
350;107.99284550158704;119.17781842688002
351;107.1771440156677;118.5231539424283
352;107.26526051936757;119.17781842688004
353;107.40289952487802;119.33185712910397
354;107.88073674966293;120.11167805911263
355;107.93716922961865;120.01540387022267
356;107.82440435241719;120.26571676133656
357;107.63270748579417;120.21757966689158
358;108.31241672949908;121.40175219023806
359;108.2109238040745;121.36324251468209
360;108.82021888945995;122.35486666024866
361;108.66268354858144;122.10455376913477
362;108.7072405345533;121.97939732357783
363;108.35751057546511;121.51728121690603
364;108.33678413057218;121.50765379801703
365;108.22629646205813;121.86386829690989
366;108.55942017302263;122.53778761913959
367;108.78905610451523;122.92288437469942
368;108.6779349278504;123.11543275247932
369;108.71199296634687;123.05766823914534
370;108.27688573869669;122.55704245691756
371;109.06630448431531;123.65456821026308
372;109.56485723843528;124.31886011360379
373;109.29388723405756;123.92413593915497
374;109.30077523244132;123.81823433137603
375;109.81356152251253;124.05891980360094
376;109.97893285138738;124.01078270915596
377;110.16566789062131;123.97227303359999
378;110.24499702494386;124.20333108693586
379;109.83335638430849;123.55829402137314
380;110.58435457971675;124.57880042360671
381;111.02157386789767;125.37787619139336
382;111.39275989478305;125.88812939251012
383;111.66081386918927;126.77385193029775
384;111.95213189928643;126.98565514585567
385;111.99370774996063;127.14932126696858
386;112.10579434012723;127.00490998363364
387;112.67294558614338;127.90025994031025
388;113.02217742787175;128.7571002214309
389;112.02260752013451;128.30461153364809
390;112.4995046814028;129.51766631366158
391;112.54369716458127;129.30586309810369
392;112.74114886560572;129.87388081255446
393;113.20246477745681;130.923269471455
394;113.31418506583965;131.20246461923585
395;113.41181218341505;131.1350726870129
396;113.27965031475433;131.21209203812487
397;113.78265434886282;132.76210647925322
398;112.3021409043433;130.4322711081162
399;112.32181527567211;130.4996630403392
400;112.419899202229;130.41301627033823
401;110.96892434168316;127.64994704919641
402;109.84727976661294;122.41263117358265
403;109.63466705747766;124.54991816693975
404;109.36468271181519;123.92413593915501
405;109.16351380527607;119.27409261577
406;109.24605861509642;121.05516511023424
407;110.06804749067214;122.73996341580852
408;110.22467788867866;123.06729565803438
409;111.36695298281775;124.71358428805267
410;111.70972006576426;126.21546163473604
411;111.77468559354419;126.26359872918104
412;111.65856503149311;125.53191489361734
413;111.71214260028873;124.83874073360964
414;111.98951212438624;124.96389717916661
415;112.35870762580068;126.96640030807774
416;113.07516654233176;128.4586502358721
417;112.25028060193247;126.82198902474279
418;112.34403125215123;125.41638586694941
419;111.7382052909241;123.74121498026412
420;111.59667934388915;124.37662462693785
421;111.82510483272213;125.74371810917529
422;112.02661806124124;126.08067777029014
423;111.39300132762543;126.01328583806715
424;111.39867212858455;126.58130355251791
425;112.74186592306938;128.77635505920895
426;112.787752877754;128.61268893809603
427;111.90569372535735;127.79435833253139
428;111.33458581745275;127.06267449696767
429;111.44441597517414;126.96640030807771
430;111.78816306969308;127.17820352363563
431;111.45920252990084;125.3778761913934
432;111.35185926378064;125.56079715028432
433;111.76098207398363;125.32973909694843
434;110.45666028971627;122.17194570135777
435;110.03014336756348;119.61105227688486
436;111.16982229831859;122.86511986136549
437;109.97713935898369;120.73746028689739
438;109.83412194887191;120.39087320689353
439;110.89969259304976;122.04678925580082
440;110.56006732076901;120.82410705689834
441;111.09449286843632;122.22008279580275
442;111.50597711974562;123.05766823914539
443;110.49656601213564;120.36199095022654
444;110.61723522674953;120.76634254356438
445;111.5112702119071;122.77847309136452
446;111.30382555634287;122.1045537691348
447;111.60470465916282;123.11543275247936
448;111.84016717080674;122.75921825358652
449;112.09876631955927;123.7508423991531
450;112.6486616612282;125.06979878694555
451;112.93027539069152;125.17570039472453
452;113.04936955279324;124.46327139693882
453;112.89796621832924;123.39462790026026
454;112.81616598793897;123.40425531914929
455;113.04768334854107;121.74833927024197
456;112.46367159830429;121.97939732357787
457;113.01409737356586;123.25021661692533
458;113.36364172841603;123.38500048137126
459;113.08635333112566;122.3741214980267
460;113.01923997785869;121.80610378357594
461;113.21895212542235;121.52690863579507
462;113.68734355060624;123.08655049581238
463;114.01370734758676;123.5101569269282
464;113.9383841221907;123.48127467026121
465;114.74696434193808;124.67507461249672
466;115.29422568830849;125.83999229806521
467;114.9188301850072;126.0614229325121
468;114.82490916905994;126.16732454029108
469;114.17591804591483;125.30085684028144
470;114.96985466362688;125.81111004139822
471;114.78876951239455;125.70520843361925
472;114.7953677253544;125.37787619139338
473;115.2113303579068;126.30210840473701
474;115.04251637210578;125.90738423028819
475;114.89484000938191;126.31173582362601
476;115.40489177282102;126.06142293251212
477;115.19072279530369;125.76297294695324
478;114.88492229340119;124.30923269471486
479;115.77357524991972;125.88812939251017
480;114.86839604296779;125.02166169250056
481;115.16978498582104;126.37912775584897
482;115.54246538959116;126.94714547029973
483;115.47579001406449;127.03379224030067
484;115.64284903433486;128.12169057475722
485;115.56625742371831;128.02541638586723
486;115.61417912461118;128.42976797920505
487;115.68278994724197;128.56455184365097
488;115.46146562885049;128.78598247809788
489;115.41323532343297;128.27572927698108
490;115.77730454843937;128.58380668142894
491;115.22424282639768;128.458650235872
492;115.18585131356899;128.18908250698013
493;114.70573719542122;127.66920188697435
494;114.69522423157943;127.89063252142124
495;114.12701172402181;127.07230191585658
496;114.57629466757092;127.31298738808148
497;113.51530338642783;125.5607971502842
498;113.43442346791413;125.8399922980651
499;113.55665713624498;124.76172138249756
500;113.70140707669493;125.53191489361721
501;113.90036322436778;125.6281890825072
502;113.28799917450819;126.01328583806702
503;113.48009022271967;125.38750361028231
504;113.84374195279315;126.46577452584984
505;114.15543971231847;127.54404544141735
506;114.65112925317874;128.6704534514299
507;114.70207730746273;129.11331472032373
508;113.9836056091105;128.1987099258691
509;114.66208440105194;129.3154905169926
510;114.5750260687266;129.45990180032754
511;114.41079471031985;129.32511793588162
512;114.04934383014029;129.83537113699842
513;114.32208333446972;130.12419370366828
514;114.12738054934493;129.6043130836625
515;113.9191713955222;129.47915663810556
516;113.4602901766286;129.71984211033046
517;113.87070212511038;130.33599691922618
518;114.35555671031864;131.52979686146168
519;113.9524029430191;131.12544526812383
520;113.915920751644;130.2686049870032
521;113.79320047537192;129.5176663136615
522;113.8850254250094;130.15307596033523
523;113.39702283034073;130.0182920958893
524;113.44851032099838;130.65370174256302
525;113.93952122093759;131.26022913256975
526;113.9836155494638;131.72234523924155
527;114.19413741324492;132.09781457591242
528;113.94410693670042;132.06893231924542
529;113.58429652512002;131.8763839414655
530;113.54378928618763;130.9328968903439
531;112.9050848393924;130.41301627033812
532;112.91214332417934;131.24097429479176
533;112.25506677391418;130.2493501492252
534;112.53262186060273;131.27948397034777
535;112.46355866338013;131.71271782035257
536;112.51790969129601;132.0304226436894
537;112.75767007332111;132.30961779147032
538;112.63125095813889;132.25185327813634
539;112.29775058089615;132.0304226436894
540;112.9361501665508;132.8487532492541
541;113.01466553235672;133.86925965148765
542;112.92788143685762;133.9077693270436
543;113.19163248748731;134.66833541927429
544;112.72723317804707;134.07143544815654
545;112.9011845492849;134.09069028593456
546;112.4029394909523;133.86925965148765
547;112.18959990352462;133.4937903148168
548;111.91855130872845;133.00279195147803
549;111.96843930428817;132.71396938480814
550;112.40310915915501;132.96428227592205
551;112.2799737920456;133.45528063926082
552;113.0613487784778;133.5034177337058
553;112.91695401119966;134.2158467314915
554;112.77143462154024;134.24472898815847
555;112.93718962409693;133.5034177337058
556;112.78062382090502;134.2158467314915
557;113.34016729034467;134.3891402714934
558;113.11131487645277;135.43852893039394
559;112.37137019028562;135.39039183594895
560;112.04015956888257;134.91864831038814
561;111.35464957622366;134.73572735149722
562;111.130947141715;134.2928660826034
563;111.25762472731613;134.66833541927423
564;111.34246035277047;134.66833541927423
565;111.98631453729514;135.159333782613
566;112.4906046358094;135.10156926927905
567;112.56077890260012;135.19784345816902
568;112.47074260735502;134.09069028593447
569;111.94157488018352;133.3493790314818
570;111.96498180210745;133.30124193703682
571;112.36975258065617;133.1086935592569
572;110.79240469093376;128.73784538365277
573;109.468073216677;126.0903051891789
574;109.70142841787305;127.88100510253214
575;109.76259197475963;127.12043901030144
576;110.41005783347586;129.85462597477627
577;110.3404226765196;129.82574371810927
578;110.42868063290102;127.95802445364406
579;110.54636345632743;127.90988735919909
580;110.03706622688557;127.36112448252631
581;109.77364055239563;126.65832290362961
582;108.34845561397522;122.74959083469729
583;109.3222872426007;125.0312891113893
584;108.38485514992516;122.86511986136523
585;107.99130564468685;122.06604409357857
586;108.15538527857522;123.97227303359975
587;108.77854986297393;125.32011167805915
588;109.33021459643899;126.63906806585159
589;109.24027852369385;125.83999229806494
590;109.31286050259915;126.54279387696162
591;109.41499681976738;127.34186964474829
592;110.20148426206288;130.03754693366713
593;109.80751117003265;129.71021469144128
594;109.00254365451183;128.5164147492058
595;107.7517384789355;125.9844035813999
596;108.933990560299;125.80148262250896
597;107.87600190901651;124.84836815249838
598;107.74604045172771;126.1673245402908
599;107.71763526114734;126.45614710696066
600;106.8206682027728;124.34774237027057
601;105.74067694669236;122.09492635024553
602;106.5413122572204;122.46076826802738
603;105.66644132633614;121.66169250024072
604;106.4295014529249;123.54866660248392
605;106.2969972304992;123.95301819582173
606;107.3347131632944;126.80273418696451
607;107.24870434672364;126.52353903918362
608;107.06199020574658;127.55367286030621
609;108.1157704533309;128.9496485992106
610;107.11418122989099;124.78097622027542
611;106.5251352397968;124.58842784249549
612;106.0004811841065;121.68094733801875
613;105.59366586271645;121.90237797246566
614;105.62808248016934;121.85424087802066
615;105.90248897596817;122.51853278136139
616;105.81881172174504;122.4896505246944
617;105.26294737037918;120.15018773466839
618;105.41896608779729;117.65668624241846
619;105.09592034736886;117.66631366130746
620;104.76859462247843;115.85635891017624
621;104.11841112452271;114.02714932126703
622;102.92932605536397;111.67805911235205
623;102.0435775691628;108.65504958120735
624;105.066663294618;115.01877346683361
625;105.18263208893997;114.87436218349868
626;105.53909646990505;115.84673149128727
627;106.14435356234827;116.00077019351122
628;105.83441442747356;113.12217194570145
629;106.96837240006658;117.01164917685578
630;107.93778527351917;117.82997978242042
631;108.01881284084797;118.97564263021094
632;108.40720891786836;119.45701357466072
633;108.61365791309366;119.99614903244448
634;108.71746211112618;119.98652161355547
635;108.63497407897854;119.35111196688175
636;108.86396145987625;120.63155867911819
637;109.42519634056893;120.90112640801009
638;110.00521874832792;121.81573120246469
639;110.36681352037893;123.423510156927
640;109.0127905655991;121.67131991912974
641;108.88022052479488;121.94088764802162
642;108.84064055647394;122.11418118802354
643;110.14972273174125;123.14431500914608
644;109.77927859694161;122.1815731202465
645;109.988674615489;122.00827958024458
646;111.1182615835336;123.90488110137674
647;113.3873432575671;124.96389717916631
648;114.13479617608017;125.07942620583424
649;114.10566986605993;125.9266390680659
650;114.57574635225583;126.51391162029462
651;114.59080059561535;126.23471647251374
652;114.25459044159456;125.06017136805625
653;114.26689160121607;125.1371907191682
654;114.44337538342702;125.2334649080582
655;115.21925665786692;126.8412438625205
656;115.34734342823842;127.22634061808036
657;115.59124218869736;126.88938095696551
658;116.34692540009344;128.2661018580919
659;117.06132254007136;128.45865023587183
660;116.9567464977947;128.68970828920772
661;116.4003464839627;128.23721960142493
662;116.88192945711538;129.0555502069896
663;117.83786353418664;129.2192163281025
664;118.18290306601146;129.11331472032356
665;118.48628244120991;129.04592278810057
666;117.91923371535671;128.68008087031873
667;117.76707069372618;129.56580340810635
668;117.73335037427192;129.06517762587856
669;117.33368172127676;128.92076634254363
670;116.55403797853792;128.073553480312
671;116.62094267356863;127.03379224030044
672;117.96039794830828;126.76422451140856
673;118.68356302311102;128.62231635698475
674;118.47906442003598;129.00741311254458
675;119.1548399197228;129.9027630692212
676;119.36215874248754;129.78723404255325
677;119.49471837316791;130.43227110811597
678;119.90587544509519;130.92326947145477
679;119.78028333287808;130.90401463367675
680;119.67409415615792;130.51891787811692
681;119.88542586895272;131.93414845479933
682;118.85016726503481;129.4310195436604
683;119.06190868758111;129.32511793588145
684;119.67429746660125;130.24935014922502
685;119.41462754406928;129.6428227592183
686;119.4373655918653;130.1145662847791
687;119.97341761181833;130.9906614036777
688;120.7152812849093;132.50216616925007
689;121.02186631769376;132.50216616925007
690;120.92611578683054;132.79098873591997
691;120.7809521200186;133.07018388370082
692;121.1765833106966;133.68633869259656
693;120.97776792635888;133.82112255704251
694;120.2003621244739;133.01241937036684
695;120.232177622595;133.47453547703861
696;120.25108346043068;133.47453547703861
697;120.4019620864265;134.36025801482626
698;120.1981556947925;134.2736112448253
699;120.41907523390383;134.34100317704826
700;120.47346300092187;134.0425531914894
701;120.66102247830617;134.2543564070473
702;121.38730938111414;135.57331279483975
703;121.21832748684791;135.27486280928088
704;121.32754277294306;135.2267257148359
705;122.08956642437309;135.86213536150964
706;121.96901704718493;136.00654664484458
707;122.40761799218319;136.1413305092905
708;121.16337289292309;134.83200154038707
709;121.90012316964705;136.13170309040152
710;121.63726861554488;135.51554828150577
711;120.7977621115877;133.28198709925874
712;120.74091791046878;133.07018388370085
713;120.44311192897347;132.66583229036303
714;120.74445619552175;133.15683065370183
715;120.13460553889888;129.9509001636662
716;120.47787726598243;130.99066140367776
717;120.7333576746608;131.7512274959084
718;120.8663742239197;132.92577260036592
719;120.77938628955255;132.14595167035725
720;120.79063531089425;131.26022913256963
721;120.87014800099836;132.36738230480415
722;120.67136371758943;130.422643689227
723;120.62931754985429;130.6055646481179
724;120.40848795586922;129.5080388947724
725;120.20588970822423;128.61268893809577
726;120.29166507791959;128.88225666698764
727;119.94855100194376;127.17820352363537
728;120.1558084131414;126.83161644363155
729;120.03819073803103;129.54654857032838
730;120.09475281174166;130.6055646481179
731;120.69796003845414;131.40464041590457
732;120.67617568562223;132.79098873591997
733;120.49042072373804;133.40714354481568
734;120.51692588519981;133.3590064503707
735;120.28188060884635;133.08943872147884
736;120.6818237088784;133.6285741792626
737;120.78150728786022;133.41677096370472
738;121.1961823293901;133.54192740926166
739;121.8539747712911;134.8416289592761
740;121.99973651112732;135.2459805526139
741;122.62895978385816;136.52642726485038
742;122.17426443236579;136.35313372484845
743;121.38158338956593;136.11244825262355
744;120.84937658728838;134.82237412149811
745;121.04727487790008;134.6587080003852
746;121.26095500842884;135.16896120150196
747;121.83210579054922;135.94878213151063
748;122.18520537101743;136.98854337152218
749;122.45602143384058;137.39289496486
750;122.8969252034327;138.45191104264956
751;122.40293799153513;138.20159815153568
752;121.98025979616945;137.52767882930596
753;122.22694480846161;137.7009723693079
754;122.61816845547962;138.3171271782036
755;122.47150997863692;138.6348320015405
756;123.70551868441306;139.2798690671032
757;123.2602110705155;139.2991239048812
758;123.53018834299849;138.8273803793204
759;121.94400095092034;137.9224030037548
760;122.30047769788892;138.4134013670936
761;122.00195006659875;137.55656108597296
762;122.84133946815199;137.9512852604218
763;124.65730018458059;138.8947723115434
764;125.11640579750664;139.5398093771061
765;124.14809795270364;138.80812554154244
766;124.49793758556096;139.838259362665
767;124.03974439131453;139.6072013093291
768;124.45928476946789;139.25098681043625
769;123.77416267933991;137.7298546259749
770;123.22239300566945;136.49754500818344
771;122.86544216100926;135.49629344372786
772;121.39746616167635;131.4624049292386
773;120.88646847471152;133.17608549147985
774;121.20960085473247;133.2819870992588
775;121.88232681253862;135.77548859150875
776;121.0515833822991;134.88013863483212
777;120.50039137239698;133.22422258592482
778;121.56773614060285;135.23635313372495
779;120.16808557107896;131.26985655145864
780;119.18963006317274;131.59718879368452
781;120.41652467736638;133.4937903148167
782;120.54037180467941;135.111196688168
783;119.99960316420089;134.04255319148945
784;119.99130315030116;135.14970636372396
785;119.93411950552797;135.082314431501
786;119.5930379077357;131.5779339559065
787;119.57875432354105;133.02204678925588
788;120.09139865318885;132.59844035814007
789;120.3875934036992;133.4649080581497
790;120.85137203085648;135.15933378261295
791;120.96495392213701;135.2459805526139
792;121.4357384427251;134.3121209203813
793;122.0896545544201;135.76586117261968
794;121.95897794180443;137.52767882930593
795;121.94237428778894;137.65283527486287
796;122.15621232609031;137.64320785597388
797;122.10165774230761;137.69134495041885
798;122.48641282154384;138.68296909598544
799;122.82302609651515;139.08732068932326
800;122.6305083018499;138.98141908154432
801;122.94052061570719;138.5481852315395
802;123.27676367742306;138.90439973043235
803;122.835115210965;138.95253682487734
804;122.91246220532753;138.95253682487734
805;122.57891280342801;138.27861750264762
806;122.77967012629874;138.25936266486966
807;122.48730426919204;137.09444497930116
808;122.56978219026178;137.9416578415328
809;122.78041012915472;137.60469818041793
810;122.70306007021705;136.87301434485423
811;122.64248460303074;137.56618850486194
812;122.24104237036747;135.88139019928767
813;121.22911682681219;133.44565322037172
814;121.61120127467102;134.51429671705026
815;122.25112159081743;136.42052565707144
816;121.92037206457152;135.8139982670647
817;121.2388455543459;133.69596611148563
818;121.82692972820166;134.91864831038808
819;122.02245067205628;135.7851160103977
820;122.20224141975514;137.2677385193031
821;122.05736421371819;137.07519014152317
822;122.47810638436637;138.4422836237606
823;122.43036526570613;138.1630884759797
824;122.55009750382162;138.54818523153955
825;121.95145931963594;137.9994223548668
826;121.09037432855405;138.9525368248774
827;122.04108893119711;138.4519110426496
828;122.4653041216491;138.84663521709845
829;122.05921372646415;139.11620294599032
830;122.45162052697826;139.68422066044107
831;122.87211306786376;140.46404159044974
832;122.54176707030186;140.34851256378178
833;125.19585906123554;140.8010012515646
834;124.6853795045313;140.37739482044879
835;125.83490447041396;141.73486088379718
836;126.65300997034817;142.25474150380293
837;127.14524503307193;142.09107538269
838;127.58772672473876;142.18734957157997
839;127.83003220112413;142.57244632713983
840;128.07922822173794;142.93828824492167
841;127.8758975856911;142.65909309714078
842;127.75249569041696;142.8805237315877
843;128.09561275354093;142.98642533936663
844;128.31206603353743;143.10195436603456
845;128.43442742817535;144.2091075382691
846;128.25214608942858;144.2764994704921
847;128.02720237292561;144.18985270049114
848;127.82108371262767;143.65071724270737
849;127.82289269027315;143.42928660826044
850;127.93291142843745;143.73736401270835
851;128.31298677677242;144.81563492827584
852;128.329337892895;145.1333397516127
853;128.2895958134838;145.73986714161944
854;128.32592438434017;145.1525945893907
855;128.02447559415793;143.90103013382122
856;127.47133927670261;142.94791566381062
857;127.72187033980249;143.85289303937623
858;127.74061944087919;144.06469625493412
859;128.09175376397587;145.38365264272656
860;128.2813189707026;144.92153653605476
861;128.18429103138706;144.76749783383082
862;128.13616828886546;145.18147684605765
863;128.41254116211854;146.4330413016271
864;128.1363339572352;146.4426687205161
865;128.8696970212711;147.49205737941665
866;128.67197869483817;147.54019447386165
867;128.40126827731004;147.47280254163869
868;128.77232007149922;148.12746702609041
869;128.7747756828611;148.8591508616541
870;129.43983154946258;148.9939347261
871;129.67411691062182;148.96505246943303
872;129.89666439430331;149.7352459805527
873;129.20866077717724;148.86877828054304
874;129.2478259143474;149.30201213054787
875;130.3976511484519;150.55357658611732
876;130.61718455172533;149.49456050832777
877;131.2680931152465;150.02406854722253
878;130.81010715489637;149.60046211610668
879;130.9021390419358;150.33214595167038
880;131.4576635198432;151.33339751612593
881;131.03296299386847;150.90016366612113
882;131.71900308223007;151.95917974391068
883;131.46377619226166;151.72812169057477
884;131.48486284763698;152.00731683835565
885;131.82360601573026;153.27813613170315
886;132.04930661399428;153.8750361028209
887;131.99833107340913;153.46105709059407
888;131.8672633851037;153.50919418503904
889;132.22476845686566;153.68248772504097
890;131.84377820345935;152.29613940502557
891;131.20988043320457;149.8989121016656
892;131.95705795522616;151.41041686723798
893;132.50413880011686;151.27563300279203
894;132.75328361467308;151.74737652835285
895;131.158869174469;149.061326658323
896;130.8287767576458;150.1395975738905
897;131.76222791986666;152.39241359391553
898;133.44653904734815;154.10609415615681
899;133.70144046353929;154.61634735727358
900;133.34554306373428;153.78838933281995
901;133.72950366798614;154.91479734283243
902;134.17115266819272;155.17473765283532
903;134.52014221770335;156.1759892172909
904;134.70184517599714;155.925676326177
905;134.91083616399837;156.2048714739579
906;134.70946995159244;155.75238278617508
907;135.1840829468962;156.48406662173875
908;134.81439803579156;155.887166650621
909;134.15825737646344;154.25050543949172
910;131.49592534553437;149.08058149610093
911;129.21029140229734;144.56532203716188
912;128.20985515488334;144.01655916048912
913;125.26111619934272;137.66246269375185
914;124.18783209742422;136.52642726485033
915;126.65985894810194;142.8131317993646
916;124.41328941703718;138.7984981226533
917;125.50623902695916;144.6519688071628
918;123.85191265820798;139.7419851737749
919;121.63809746340097;137.36401270819294
920;115.47205803092936;126.92789063252143
921;117.89572592699608;133.19534032925773
922;115.75271240806968;126.68720516029654
923;110.42596863693542;114.64330413016272
924;114.39217172149941;125.28160200250315
925;107.43643545320886;110.27245595455861
926;110.15729556807077;116.88649273129874
927;107.03127486632638;110.82121883123135
928;108.09183105415092;111.35072687012612
929;108.3865510715851;106.5177625878502
930;105.04845522622479;103.39847886781556
931;112.76026172037871;113.10291710792337
932;115.3704338523554;114.40261865793781
933;119.82865713241905;121.54616347357273
934;115.56338258334648;117.45451044574949
935;117.56573698995527;121.3824973524598
936;117.6747574627158;119.44738615577162
937;112.7582574779385;114.1715606046019
938;113.92488051134819;116.78059112351976
939;113.12408716488689;115.00914604794451
940;118.10246015711839;123.09617791470104
941;117.07367604897223;122.90362953692113
942;119.10731267684187;127.08192933474535
943;118.80912179640298;128.93039376143255
944;118.29516290802172;131.52979686146145
945;114.75369352805534;128.6319437758737
946;113.71415803162652;129.37325503032636
947;118.142130422525;132.83912583036485
948;115.38160704243404;130.47078078367187
949;114.36513720796646;126.4657745258496
950;115.0360499220181;129.36362761143735
951;115.98350453942017;129.2962356792144
952;115.073032075498;131.0965630114566
953;116.09543452982913;133.02204678925577
954;118.48030627459332;132.32887262924808
955;117.91924092232192;135.84288052373157
956;118.68714986039068;134.59131606816212
957;113.94608168197472;131.3757581592375
958;114.21704011235978;132.559930682584
959;112.75749651161978;131.63569846924037
960;114.08115504361311;133.14720323481274
961;116.37838108416156;135.40001925483773
962;115.50935687694667;135.40964667372674
963;113.83083414765356;132.63695003369594
964;111.15339249406671;130.32636950033694
965;111.0849872485013;131.82824684702027
966;109.59680900068024;132.33850004813704
967;115.375635831101;136.50717242707222
968;114.3859210096036;135.08231443150086
969;115.99894497205825;137.32550303263687
970;115.76108931451246;136.25685953595834
971;115.5797817673452;136.58419177818422
972;118.26126407079698;138.2593626648695
973;121.4483283367357;140.31000288822563
974;118.08730194970377;140.01155290266675
975;116.51055279016542;140.68547222489644
976;117.77406831196777;141.21498026379123
977;119.48192314422903;142.3798979493597
978;121.04663812408549;144.31500914604788
979;122.42662793600022;143.8336382015981
980;123.7881267101537;147.59795898719545
981;126.3713965736621;149.37903148165967
982;124.88500182317674;148.21411379609114
983;122.6858769423964;147.4246654471935
984;118.0083517354437;138.74073360931925
985;119.39707029167592;140.55068836045047
986;119.59337972369468;141.71560604601896
987;121.0308610559206;144.4016559160488
988;119.71789823323026;143.881775296043
989;120.06519528146403;143.96842206604396
990;120.00230619372526;143.15971887936828
991;120.40181828473897;144.0839510927119
992;120.24819034722128;144.70973332049667
993;117.09245705658073;140.96466737267727
994;118.33493004403721;142.51468181380562
995;116.77685501062513;139.0584384326561
996;118.59500974451073;141.09945123712322
997;119.03932160462325;143.27524790603627
998;118.33940009784708;143.99730432271096
999;119.09232359542008;144.6519688071627
1000;120.36849795385817;146.9432945027437
1001;118.53661134613077;145.35477038605939
1002;119.04125523297208;146.4908058149609
1003;116.58484163075694;145.66284779050727
1004;118.28022781887195;147.1936073938576
1005;118.22138734288833;145.81688649273121
1006;119.75005774885554;147.77125252719736
1007;120.72684359213146;149.10946375276777
1008;120.11190526769725;148.599210551651
1009;119.79792625231364;149.0228169827668
1010;118.52804733641402;150.2743814383363
1011;119.97676972509846;150.53432174833918
1012;119.27248978548099;151.40078944834877
1013;118.83904237038321;149.53307018388358
1014;118.05104967214784;148.60883797054
1015;118.63947738690592;149.70636372388552
1016;118.09185104524204;148.73399441609695
1017;118.5109409229661;150.58245884278415
1018;116.92551921233874;150.01444112833337
1019;116.61512906976272;151.1697313950129
1020;117.30980536730821;152.2576297294694
1021;118.30532675968124;152.80639260614214
1022;118.93218062567446;153.78838933281975
1023;118.79389292697175;154.7800134783863
1024;118.642912971891;154.87628766727624
1025;120.44156701828648;155.29989409839206
1026;120.01600999193933;154.05795706171162
1027;120.37690962599726;156.21449889284668
1028;119.55187154310516;155.89679406950984
1029;119.60253846770057;155.86791181284286
1030;118.90574433220876;156.29151824395868
1031;118.70508442401844;156.6573601617405
1032;117.59475701919344;155.9641860017328
1033;116.85457367058744;156.45518436507157
1034;117.03185516855294;156.99431982285532
1035;120.165070880045;158.57321652065067
1036;119.66865972560866;159.14123423510142
1037;118.79140061801114;160.76826802734172
1038;118.7404308634339;161.0378357562336
1039;120.21672281394851;162.1161066718011
1040;117.89902624626423;161.75989217290828
1041;117.08004260597087;162.98257437181076
1042;118.41044848725883;165.48570328294966
1043;117.18696762887775;159.67074227399618
1044;117.35686372949617;158.37104072398176
1045;114.0195365278073;153.97131029171067
1046;114.84774273930516;157.0809665928563
1047;113.00545334005156;154.31789737171448
1048;112.50385767643179;154.39491672282648
1049;115.24720127140428;156.3685375950706
1050;114.619759142334;157.17724078174626
1051;122.74982983837532;156.45518436507157
1052;126.41058370047638;155.13622797727913
1053;124.53191298351015;153.4032925772599
1054;123.19855400057754;151.63184750168466
1055;123.61796635522397;153.22037161836897
1056;123.51270173520246;149.59083469721753
1057;123.85341211169148;150.03369596611137
1058;123.8540899038416;152.43092326947135
1059;124.8267777201771;154.88591508616528
1060;123.83765515334441;154.14460383171263
1061;123.93642641110775;155.41542312506007
1062;124.06806843775396;156.2337537306247
1063;124.40305986934649;154.74150380283032
1064;125.19672590110187;157.52382786175014
1065;123.94007736912495;155.3191489361701
1066;124.9677268533053;158.02445364397792
1067;126.14928329904615;159.28564551843638
1068;126.85042847289934;160.6912486762298
1069;126.98264673220133;163.32916145181468
1070;126.229134852462;162.29902763069214
1071;126.71686306901256;161.2207567151246
1072;126.7785902511699;160.9800712428997
1073;127.90864362502641;160.99932608067766
1074;127.37332767796468;158.3710407239818
1075;127.3588867093653;159.12197939732346
1076;126.7793184420245;158.7657648984306
1077;127.67888645010383;159.59372292288427
1078;127.53862180183926;160.152113218446
1079;126.28432843040957;157.1676133628573
1080;125.84208383977612;156.6958698372965
1081;124.410480882971;151.1697313950129
1082;124.93090735180901;152.9700587272551
1083;125.31188533834917;151.1119668816789
1084;127.06077219233674;152.9796861461441
1085;127.65640449520265;155.7042456917299
1086;127.34137542641368;159.13160681621244
1087;128.73131182395196;162.23163569846912
1088;128.90344132720247;162.18349860402415
1089;132.31637494062704;164.08010012515632
1090;134.28500893481953;163.8490420718204
1091;134.23160906631492;165.10060652738986
1092;133.58099749566492;163.45431789737157
1093;135.09934331217747;165.67825166072961
1094;138.0203032828366;167.6133628574178
1095;138.4228562770873;166.80465967074213
1096;136.85086651906659;164.87917589294295
1097;137.15644723493438;165.53384037739468
1098;136.7107195391321;164.4074323673822
1099;140.66314890064876;165.3316645807258
1100;145.20841875963262;168.00808703186667
1101;143.6563986555432;167.7385193029748
1102;142.5634247825419;168.14287089631264
1103;139.9384881945372;167.37267738519296
1104;140.38829824808045;169.2500240685472
1105;142.0534032350919;169.55810147299505
1106;142.75611437413235;169.45219986521607
1107;144.84113818512125;170.94444979301045
1108;144.2464847551047;170.61711755078457
1109;145.77856324453495;171.09848849523436
1110;147.1858086810131;169.73139501299696
1111;148.59029186196898;169.51959179743903
1112;147.6060049954768;169.29816116299213
1113;146.48613250612175;168.56647732742846
1114;147.6876398324687;170.7422739963415
1115;147.05210379671604;171.04072398190038
1116;146.7055261413973;172.03234812746695
1117;146.20607717140834;171.4258207374602
1118;145.8608475400419;170.75190141523052
1119;145.21999518700767;170.40531433522668
1120;146.41507167694462;170.53047078078365
1121;146.0208266626146;171.1273707519014
1122;146.0579598966364;172.61962067969574
1123;145.7094065838258;172.2441513430249
1124;146.05632291536625;172.4752093963608
1125;146.19671392261444;173.58236256859536
1126;145.2642089784166;171.02146914412245
1127;146.80980760747957;172.2345239241359
1128;148.32334335751227;173.21652065081346
1129;148.02962739279096;175.78704149417538
1130;148.61541819067503;176.74978338307494
1131;149.428228613818;175.59449311639543
1132;150.66033909335638;175.66188504861842
1133;149.73277643976346;176.06623664195624
1134;150.28900337575578;175.40194473861553
1135;149.17650307508993;174.14075286415707
1136;150.1601146468473;175.55598344083944
1137;150.28664188792968;178.0109752575334
1138;150.0685784312896;178.05911235197837
1139;149.5922191854855;177.5296043130836
1140;149.28411189139825;178.16501395975735
1141;150.38648847970455;177.90507364975446
1142;149.69863767616494;173.33204967748142
1143;149.4817554714855;175.0264754019447
1144;147.69669464892922;171.64725137190715
1145;148.3544713200423;174.40069317415998
1146;150.7245226941065;176.8268027341869
1147;150.78208900531484;177.00972369307786
1148;151.7517376749532;178.92558005198802
1149;152.33875529911535;179.62838163088475
1150;152.85553922619494;180.95696543756617
1151;152.5931129870741;180.75478964089726
1152;151.94367400518144;180.6873977086743
1153;151.95901731793091;180.98584769423317
1154;152.84990202893147;181.8426879753538
1155;153.65664507511465;181.73678636757487
1156;153.33117691907395;181.6790218542409
1157;152.67044074602782;180.87994608645423
1158;153.6658385974827;180.5429864253394
1159;154.70428872253694;179.147010686435
1160;154.4758948956917;179.36844132088189
1161;155.54429994507123;181.40945412534901
1162;154.40699221865165;176.9712140175219
1163;153.42582089635792;176.12400115529027
1164;155.01509523819294;180.31192837200348
1165;155.24309444514466;178.85818811976512
1166;155.31889549092344;176.5187253297391
1167;155.80713076562478;174.15038028304613
1168;157.53315263558991;177.54885915086166
1169;158.1204733795898;176.59574468085108
1170;158.99180223627022;179.09887359199
1171;158.42668788943624;180.17714450755756
1172;158.1160421401341;182.05449119091173
1173;157.96216314889548;182.23741214980262
1174;158.9851529640653;183.42158467314914
1175;159.01573695965675;183.13276210647925
1176;159.40823220014119;183.662270145374
1177;158.19627979598837;180.94733801867716
1178;158.71514986303384;180.8414364108982
1179;158.91337728148093;182.11225570424565
1180;158.00554525671475;180.71627996534127
1181;159.35521172256782;179.7342832386637
1182;159.64612790780154;180.66814287089628
1183;160.7218677892655;183.68152498315197
1184;160.45960217159836;183.51785886203905
1185;160.20328794629947;182.94021372869932
1186;160.4316891659593;183.60450563204003
1187;161.24087069809968;185.7706748820641
1188;160.02463834731157;188.273803793203
1189;159.74487900150095;188.55299894098388
1190;159.685618154906;189.34244728988153
1191;159.26052870440122;190.8058149610089
1192;159.2777764438616;190.76730528545292
1193;159.1678870739768;191.39308751323765
1194;159.19341342671436;190.61326658322898
1195;159.29815178748908;192.73129873880808
1196;159.39331883329646;193.4244728988158
1197;159.21064978222287;192.39433907769325
1198;157.5644467459773;191.0946375276788
1199;158.462057304686;192.86608260325403
1200;157.80901217611472;191.09463752767877
1201;158.30262032939874;193.18378742659084
1202;157.89677820507552;193.52074708770567
1203;158.4034298129624;193.4822374121497
1204;158.88758065091264;193.3185712910368
1205;159.20752701755234;194.62790025994022
1206;158.28705352358006;193.22229710214683
1207;160.6715242949875;193.7614325599306
1208;159.35596644197793;192.46173100991615
1209;160.6357388186987;192.5965148743621
1210;161.03449391286;194.17541157215743
1211;161.10865409371024;195.60026956772882
1212;160.1051011022452;193.55925676326171
1213;159.55694809211917;191.88408587657642
1214;158.41165175398243;187.76355059208618
1215;159.22827908597216;190.05487628766718
1216;161.10809510463284;192.88533744103194
1217;161.0021122563169;192.40396649658214
1218;160.24579766161702;190.75767786656385
1219;159.52779469317082;190.19928757100212
1220;159.92142399804752;192.21141811880224
1221;159.93669090746025;192.0573794165783
1222;160.8342250112702;193.96360835659948
1223;160.61773633249157;193.54962934437265
1224;160.83509195317586;193.91547126215448
1225;162.2216227042992;194.13690189660142
1226;162.08250490969692;194.29094059882536
1227;162.17188014096638;194.1946664099354
1228;162.61218447435502;194.47386155771628
1229;161.8233745148429;193.76143255993057
1230;163.11554077648995;195.47511312217185
1231;162.93969832469395;195.3210744199479
1232;163.4820193750079;195.3595840955039
1233;163.970703824286;195.00336959661107
1234;163.9907804283099;195.9083469721767
1235;163.8487925723894;196.29344372773653
1236;163.97667194321951;196.64965822662938
1237;163.80301227380392;196.24530663329156
1238;163.6525397060288;195.19591797439102
1239;163.5518332453897;195.10927120439004
1240;163.74290555313033;192.54837777991713
1241;164.94447258668743;195.24405506883596
1242;164.87881240283818;196.24530663329153
1243;164.64776200980407;196.0335034177336
1244;164.85988731988255;197.1695388466351
1245;164.99911758388143;197.8242033310868
1246;164.61624168291132;198.2863194377586
1247;164.49696237021368;198.33445653220357
1248;164.87818451014476;198.60402426109545
1249;165.46651136531463;199.643785501107
1250;165.6737104276309;201.13603542890135
1251;165.05512604015018;200.73168383556353
1252;165.39442792121716;201.4056031577932
1253;165.19285076171667;199.68229517666293
1254;165.65688258047186;201.93511119668798
1255;165.4634976647474;202.6282853566957
1256;165.39643158243172;201.91585635891
1257;165.79971819720063;202.1469144122459
1258;165.0233687567922;201.49224992779418
1259;164.27009535701336;199.97111774333285
1260;162.6259474665538;196.80369692885318
1261;163.93865867363635;199.78819678444194
1262;164.93043814239036;201.4344854144602
1263;164.66333417660368;201.83883700779802
1264;165.11192306581333;203.87984981226512
1265;165.51523840322744;204.3708481756039
1266;164.91846314273624;203.4081062867043
1267;165.07076283333095;203.36959661114835
1268;165.56727854319143;204.22643689226896
1269;164.47061243781377;203.11928372003442
1270;164.845094815093;202.7438143833636
1271;165.09063514908814;204.40935785115988
1272;164.74272056028553;203.4658708000383
1273;165.33680193640174;204.68855299894076
1274;165.29712792675247;205.0255126600556
1275;165.56130076341793;204.83296428227567
1276;166.22156257075878;205.03514007894458
1277;166.75760985877153;205.29508038894747
1278;166.62916569774026;206.15192067006808
1279;166.6084137549484;206.47925291229396
1280;166.0518034110021;207.0183883700777
1281;165.80000166851866;205.56464811783934
1282;165.86992601755722;203.35034177337027
1283;165.35406907011568;203.61028208337316
1284;165.8853874333155;205.26619813228046
1285;166.51828786568495;207.01838837007773
1286;166.24654717322673;207.32646577452562
1287;166.09603474295903;207.78858188119744
1288;165.45340127127983;206.57552710118395
1289;166.18777319985062;208.39510927120418
1290;165.68228198066237;209.29045922788077
1291;165.2051002032021;209.0112640800999
1292;164.5995652663227;209.06902859343384
1293;165.35997078428272;209.6659285645516
1294;164.79531028423358;209.59853663232863
1295;164.28398554049252;208.88610763454295
1296;164.21580188884752;208.60691248676207
1297;164.36443680763236;207.65379801675147
1298;164.04384937326344;206.04601906228916
1299;165.01428645761823;206.51776258784994
1300;163.90774485697577;205.32396264561447
1301;164.78792443133625;207.06652546452273
1302;164.2212469969384;206.74882064118586
1303;164.2588193717146;204.86184653894267
1304;163.78998749612094;201.3863483200152
1305;163.58698179281893;201.22268219890225
1306;164.7363146418141;203.13853855781244
1307;166.01169946862308;205.60315779339535
1308;165.92769349153784;205.90160777895423
1309;166.4242899673022;205.33359006450345
1310;166.43790509944319;201.14566284779025
1311;166.38237002824425;201.4633676711271
1312;167.28364350265167;199.06614036776713
1313;167.95389317614996;201.3574660633481
1314;167.64558748383786;198.73880812554125
1315;167.90467604889713;200.82795802445332
1316;167.8874530352274;201.65591604890696
1317;168.7294574224862;203.33108693559223
1318;168.7659301821293;202.93636276114339
1319;168.39134848872374;201.55001444112798
1320;168.28686384698082;201.0590160777892
1321;168.5040717684699;201.66554346779594
1322;168.8217921353723;205.10253201116745
1323;169.39425366082574;206.6332916145178
1324;169.4555733819474;207.3360931934145
1325;170.0554562875436;208.86685279676482
1326;170.39664152990778;209.63704630788448
1327;169.13821735702612;210.2628285356692
1328;169.96609948939698;210.03177048233331
1329;170.92979414177552;211.0330220467889
1330;172.14229915874827;211.41811880234874
1331;170.69864953339933;210.34947530567024
1332;171.3220847449728;212.41937036680432
1333;170.86796691266207;212.83334937903115
1334;172.60142527052872;213.21844613459098
1335;172.1877863387261;213.99826706459964
1336;172.2596446736161;215.38461538461507
1337;171.97445541903951;216.2799653412917
1338;174.1312283473538;217.08866852796734
1339;173.93646143364947;217.28121690574727
1340;175.34576487164594;216.52065081351662
1341;174.10367850850167;214.7395783190524
1342;174.3955477016503;214.85510734572037
1343;175.03970331110793;216.41474920573768
1344;174.76930220036684;216.4051217868487
1345;174.37158171151805;217.24270723019134
1346;174.0767269198578;216.68431693462958
1347;173.66807742102603;217.41600077019328
1348;172.7807796402113;217.1079233657454
1349;173.88246634307532;216.41474920573768
1350;174.69504504730332;216.77096370463053
1351;174.8561697590267;217.27158948685835
1352;172.64825321699956;212.33272359680348
1353;172.72205322703678;215.13430249350125
1354;170.79771943809484;211.052276884567
1355;169.4672859722376;208.55877539231705
1356;170.87237887650326;211.52402041012778
1357;170.21035869970467;209.73332049677455
1358;171.907416239676;212.1979397323575
1359;173.2596631086787;216.58804274573959
1360;173.65728843803618;217.2619620679693
1361;172.89905747057975;215.702320207952
1362;173.3519724860622;217.76258785019712
1363;171.45678879487352;215.769712140175
1364;171.28190929337313;214.16193318571268
1365;171.53258286023802;217.6566862424182
1366;171.55673623946615;215.760084721286
1367;169.9668477372892;213.53615095792796
1368;169.5790486968129;211.10041397901202
1369;171.20865084214574;214.85510734572037
1370;171.3178956044495;217.04053143352243
1371;171.3697900554176;218.39799749687083
1372;172.02309468080324;221.42100702801554
1373;172.1904309982397;221.18994897467962
1374;172.00551229097462;221.5076537980165
1375;171.53584078085677;220.84336189467575
1376;172.00570493473745;220.265716761336
1377;172.20750100730274;221.6616925002404
1378;173.55503995110078;221.52690863579446
1379;173.51532335630992;217.2330798113023
1380;173.085904677824;217.0212765957444
1381;173.43259087290045;216.14518147684578
1382;172.71495099027936;215.82747665350894
1383;174.42446209126075;217.8107249446421
1384;174.2151847426308;218.41725233464885
1385;172.84735841176976;215.30759603350316
1386;173.1390713473347;215.49051699239408
1387;173.03526014746464;211.52402041012778
1388;172.85295176211028;209.47338018677166
1389;171.4901942338115;207.16279965341266
1390;170.20794775373952;203.24444016559136
1391;170.43048166933266;203.80283046115312
1392;167.75019153134014;201.3285838066812
1393;167.07756870221536;201.03013382112232
1394;167.71243783636842;199.9422354866658
1395;169.8168223765728;204.8137094444977
1396;170.5465650827494;208.68393183787404
1397;170.78420361288335;210.10878983344543
1398;170.53921606377776;212.09203812457858
1399;170.19661100602784;206.92211418118782
1400;169.79950327713897;207.98113025897734
1401;170.62560614773363;207.21093674785766
1402;170.17254708731286;208.95349956676588
1403;170.63925631513425;211.98613651679958
1404;170.0536489045565;208.14479638009024
1405;169.59782195951257;204.19755463560196
1406;169.735050513818;203.4177337055933
1407;172.1539515694465;206.62366419562895
1408;172.18541339744266;206.80658515451987
1409;170.18630140869698;202.42610956002676
1410;166.86291362536625;200.9723693077884
1411;167.6502458245332;198.94098392221025
1412;166.6338708445505;195.27293732550288
1413;166.95461293505358;198.19967266775762
1414;170.6323023733196;202.6282853566957
1415;170.6544763550958;202.13728699335692
1416;169.52762860756525;199.00837585443327
1417;171.33788729882957;202.71493212669665
1418;170.8079969751953;201.6559160489071
1419;169.86512544355458;200.0481370944448
1420;170.0879021038118;194.14652931549034
1421;171.2443308937871;192.74092615769695
1422;171.02398590412068;197.6990468855298
1423;169.7797440490752;196.85183402329818
1424;169.9597038248426;194.2909405988253
1425;169.72593533927915;192.8564551843649
1426;170.12280827429547;196.98661788774413
1427;172.42763011647415;201.3959757389042
1428;174.1672986664048;203.87984981226518
1429;174.3925278173157;206.25782227784717
1430;174.02340410420206;206.17117550784621
1431;174.60278536619526;208.5010108789832
1432;173.79544257713192;205.94011745451033
1433;174.9998881242101;208.89573505343208
1434;175.22252288966015;209.95475113122163
1435;174.76568673837116;211.44700105901597
1436;175.8754105158602;214.0464041590449
1437;175.3940629026387;212.69856551458548
1438;173.2171986125554;209.36747857899292
1439;174.11405123077083;210.0799075767786
1440;174.2966243161918;211.78396072013086
1441;173.49878116085583;209.11716568787904
1442;173.6569749728723;207.0857803023009
1443;173.71380318275828;207.97150284008853
1444;174.38286669385855;207.42273996341575
1445;173.8469749624133;203.91835948782128
1446;174.5177597695586;203.2251853278136
1447;175.85651795756604;205.4876287667276
1448;175.5109552348352;202.99412727447765
1449;177.0075652176057;206.20968518340226
1450;176.66746723515016;206.08452873784532
1451;176.2187048547591;203.04226436892264
1452;172.89507406176793;197.4102243188601
1453;172.60969350876425;198.53663232887257
1454;165.56556532107024;192.95272937325495
1455;165.27645948869588;193.3570809665928
1456;166.43778515756293;198.14190815442373
1457;164.59905055219824;190.9502262443438
1458;164.47231940119167;192.03812457880034
1459;166.1350154208936;192.96235679214394
1460;168.761745026292;198.72918070665241
1461;165.9763884970979;191.64340040435147
1462;166.36968597146583;190.55550206989494
1463;160.8213198857608;184.45171849427157
1464;160.97506071686038;184.90420718205436
1465;160.70816750879527;181.8619428131317
1466;160.77899722787888;181.6212573409068
1467;163.18310472048665;185.95359584095496
1468;162.93602804453081;185.22191200539126
1469;164.07702798723628;188.95735053432165
1470;162.06655604885293;181.32280735534792
1471;163.1269503523444;180.27341869644738
1472;162.00031826570427;180.29267353422537
1473;162.7649203451647;183.6430153075959
1474;161.37475021360208;182.15076537980153
1475;161.17549112193774;183.87407336093182
1476;163.04249387993835;187.52286511986122
1477;164.07831728294985;192.16328102435722
1478;163.06912334039959;190.95985366323274
1479;163.36753698556396;189.53499566766135
1480;164.77222921334146;193.02974872436687
1481;163.25037672104287;189.8719553287762
1482;163.4654753113607;190.46885529989396
1483;164.9691756510157;192.27881005102515
1484;164.58183431782962;190.19928757100206
1485;162.36206172799675;185.67440069317402
1486;159.22181859316777;180.27341869644732
1487;155.2498017697427;173.28391258303634
1488;155.69966940930112;172.6292480985846
1489;156.934618023481;175.15163184750153
1490;152.1265069091254;169.45219986521596
1491;151.67063598312748;169.8276692018868
1492;153.1015388965589;173.98671416193298
1493;150.93776049294462;173.75565610859707
1494;149.8169517806666;175.41157215750437
1495;154.71260848914466;180.77404447867508
1496;154.54845352803525;180.2349090208913
1497;153.99284624612628;176.60537209973987
1498;150.69101139636393;176.48021565418293
1499;150.0305393202924;174.93982863194358
1500;150.18008709322058;176.77866563974177
1501;147.82574829371507;177.05786078752263
1502;147.71502948954003;177.69327043419634
1503;150.24138378787598;180.3504380475592
1504;150.4792028375234;180.20602676422428
1505;148.903460205137;178.12650428420116
1506;150.0830021553201;176.48021565418287
1507;149.2976400644965;175.69076730528522
1508;147.930344650668;175.17088668527944
1509;150.268078455752;178.530855877539
1510;150.6322245626763;177.03860594974466
1511;154.98390005843393;181.9293347453546
1512;156.44180568457915;182.99797824203313
1513;157.20712561129048;184.80793299316437
1514;157.0641883638375;183.08462501203408
1515;157.5153515161949;183.32531048425898
1516;161.08037007225596;181.2072783286799
1517;162.10129689823972;185.94396842206586
1518;164.20055515172857;188.1967844420909
1519;165.8003146233477;190.87320689323172
1520;167.8221025586722;190.33407143544795
1521;165.896502643354;189.0632521421005
1522;166.39465734875392;192.02849715991124
1523;164.86982740280348;191.8744584576873
1524;165.60886639283436;191.5663810532394
1525;167.1594760338509;191.32569558101451
1526;166.86206632185358;190.51699239433884
1527;169.32569475277063;194.5701357466061
1528;170.34676495509294;194.43535188216018
1529;171.28959579158666;197.8049484933087
1530;171.3842837221165;198.58476942331734
1531;172.89093687881544;198.96023875998816
1532;171.80631262615628;197.51612592663878
1533;171.39985199898388;197.9686146144216
1534;170.49219180473187;195.4173486088377
1535;168.30873173196485;191.22942139212452
1536;170.33121654407356;190.8058149610087
1537;170.68376984199804;191.3545778376815
1538;171.9210276711078;194.0598825454893
1539;168.72693057334547;187.5228651198611
1540;169.59189169229398;186.27130066429166
1541;167.85066137816332;184.21103302204656
1542;165.97320213469027;182.77654760758617
1543;165.07254056802148;183.32531048425892
1544;165.95189192752278;181.3516896120148
1545;165.53606564450152;180.61037835756213
1546;167.07991036579688;183.9222104553767
1547;167.11196098061203;185.1352652353902
1548;168.17499475079413;187.96572638875497
1549;169.7413358620466;189.9586020987771
1550;163.3153133349724;181.74641378646365
1551;163.33449699025357;182.3625685953594
1552;161.24466532793352;180.2926735342253
1553;158.2407610571887;179.00259940309982
1554;158.9531642983536;180.22528160200227
1555;157.9274040953236;178.19389621642415
1556;156.77174721454566;175.14200442861244
1557;157.3845623822069;173.66900933859608
1558;155.53289019733646;170.67488206411838
1559;155.8998509174977;168.91306440743213
1560;156.4432948422374;168.5568499085393
1561;157.3750704958904;171.86868200635388
1562;154.5760644456251;168.23914508520244
1563;152.82949277812656;165.70713391739653
1564;155.92044388271262;169.99133532299967
1565;160.506216577357;175.19014152305743
1566;159.48142786771905;174.83392702416458
1567;158.40653594552072;173.04322711081136
1568;157.5110344174084;168.20063540964645
1569;157.79403076182368;166.939443535188
1570;156.42282865042574;165.85154520073147
1571;157.49562816766544;165.30278232405868
1572;163.5009932268746;169.59661114855086
1573;162.38070650052188;165.5819774718396
1574;164.62418411189432;169.9720804852217
1575;167.60505444523608;171.91681910079885
1576;167.63997663076447;170.76152883411936
1577;166.82478057937556;169.40406277077096
1578;171.860323917117;173.42832386637122
1579;173.05129497488684;175.48859150861634
1580;173.18196188409289;178.3383074997591
1581;177.71179115236976;177.02897853085568
1582;178.86420737165773;175.95070761528814
1583;183.40275708862;180.28304611533628
1584;182.20632585991797;178.9352074708769
1585;182.9491262942496;178.2035236353132
1586;180.66581521119943;173.7460286897081
1587;181.96863116401667;171.9071916819099
1588;186.66109524632475;174.2466544719359
1589;190.1362531689137;175.92182535862113
1590;191.01826048260986;176.9134495041877
1591;188.69937825161685;173.2357754885913
1592;193.5205695939743;182.83431212092017
1593;193.98918139992298;184.52873784538346
1594;192.5798433848734;182.8824492153652
1595;194.7054836800176;184.47097333204954
1596;191.3453283051217;182.9498411475882
1597;191.62987261006853;182.3818234331374
1598;192.03620548787802;183.24829113314703
1599;192.17624751102912;182.53586213536133
1600;194.71375521820136;185.01973620872226
1601;195.27577790273116;186.11726196206777
1602;195.32186858989718;186.0594974487338
1603;191.64362159394722;183.19052661981303
1604;192.0144074662475;182.89207663425415
1605;193.20459019463192;188.5529989409837
1606;192.58484859744846;188.38933281987082
1607;192.66133512180284;188.16790218542388
1608;189.93299815786497;184.79830557427533
1609;189.8238735562593;182.1411379609125
1610;189.95229759868855;181.80417829979763
1611;189.22918225911087;183.17127178203503
1612;187.7590172093381;181.82343313757565
1613;189.60199466237688;184.41320881871553
1614;190.4947292906385;185.76104746317492
1615;188.9670879606298;184.6346394531624
1616;185.43452450960083;180.0327332242224
1617;184.43054542147397;178.03023009531125
1618;184.70637456064674;176.43207855973796
1619;185.9521117585441;176.61499951862888
1620;187.86596099265716;179.23365745643574
1621;185.788037981076;176.64388177529585
1622;187.12932316555214;177.6836430153074
1623;187.7474204892858;176.96158659863272
1624;186.33770192597288;174.83392702416464
1625;187.69323846086044;177.88581881197635
1626;187.48198898842205;177.43333012419353
1627;186.90298579328325;176.73052854529683
1628;190.89727981786368;178.05911235197826
1629;191.52243075937395;175.98921729084418
1630;193.72190579215652;180.00385096755545
1631;193.03981422245798;179.8690671031095
1632;195.10136138593654;181.12063155867895
1633;197.54343409651332;183.45046692981595
1634;199.0464001405685;184.07624915760064
1635;200.05984651144473;184.80793299316434
1636;200.27040036368558;184.4324636564935
1637;199.4635919673396;181.56349282757276
1638;198.28856130332971;180.17714450755736
1639;199.0491809185217;183.5852507942619
1640;199.99601976526654;185.77067488206396
1641;200.15572458802583;185.635891017618
1642;200.07276240965524;185.60700876095103
1643;200.38609312632278;187.64802156541816
1644;201.79925171903253;188.11013767208996
1645;200.32145942550076;185.67440069317402
1646;200.9817608573535;188.38933281987087
1647;201.96509694144993;190.362953692115
1648;201.27647251779703;193.1645325888128
1649;200.6290844758524;191.16202945990165
1650;202.32934223683745;189.98748435544417
1651;203.32559101348247;192.4328487532491
1652;203.0468016807049;190.305189178781
1653;202.298177158178;188.62039087320673
1654;202.4379091865923;189.03436988543356
1655;204.17758143607765;191.2005391354576
1656;204.06997528285186;191.14277462212362
1657;204.612145169893;191.67228266101841
1658;204.23112802819796;189.03436988543353
1659;203.90992576416804;188.50486184653877
1660;202.75980008015006;184.7309136420524
1661;203.3821518751622;184.44209107538256
1662;203.6247504908293;185.42408780206011
1663;203.52875279628287;183.46972176759397
1664;204.45051606072317;184.03773948204474
1665;204.3187911037839;183.469721767594
1666;204.28819091410148;182.60325406758434
1667;204.6794721932894;183.98960238759977
1668;206.35177785572455;186.96447482429946
1669;206.76978892841208;187.08963126985643
1670;204.98460667731476;184.22066044093566
1671;206.62389302580783;184.48060075093855
1672;208.92675226416478;181.08212188312302
1673;207.35843309619912;178.45383652642715
1674;204.7848609859809;178.18426879753525
1675;206.77172164163713;181.12063155867898
1676;203.9771621233993;179.85943968422052
1677;206.70865985041925;183.01723307981115
1678;205.75673225898268;181.00510253201102
1679;205.68736855358415;182.61288148647333
1680;205.89356186938554;184.9908539520553
1681;203.99439821460842;181.93896216424358
1682;204.45323525628228;182.48772504091636
1683;204.55176006953937;183.5178588620389
1684;205.5631571528111;183.81630884759775
1685;205.5177678065891;183.52748628092786
1686;205.8696412135171;186.13651679984574
1687;206.33350475648527;187.20516029652424
1688;206.36261931871687;189.90083758544307
1689;208.64671232115361;190.60363916433977
1690;207.84890067025978;189.50611341099426
1691;207.42313882274442;189.03436988543345
1692;206.86815378309865;189.70828920766317
1693;207.825016824468;189.8912101665541
1694;207.3220145338978;189.1017618176564
1695;207.88226721760668;191.61451814768435
1696;207.75693001887885;191.21016655434653
1697;208.37838753577748;191.84557620102026
1698;210.2698642238773;192.0092423221332
1699;209.84826108248112;191.9899874843552
1700;210.41090694076172;190.8539520554537
1701;209.8737471938114;191.02724559545564
1702;210.5872324878888;191.1909117165686
1703;208.7274258689458;188.16790218542388
1704;206.94041732762017;187.4458457687492
1705;208.82050312955968;191.10426494656764
1706;210.0363071059898;192.68316164436294
1707;210.625560873448;190.38220852989295
1708;210.29423983368136;189.04399730432255
1709;208.02413588440984;187.68653124097412
1710;209.7685752366114;191.15240204101264
1711;210.25484688536497;191.2390488110136
1712;210.3840532510301;190.36295369211498
1713;210.53185667046804;191.21016655434664
1714;210.15309598743127;190.89246173100975
1715;211.15806545580494;190.5843843265619
1716;212.37168459986998;191.15240204101266
1717;211.61648396645316;189.9297198421102
1718;212.4442071663338;192.19216328102422
1719;212.8559401258862;194.00211803215544
1720;214.05617667157594;193.72292288437455
1721;213.41023274563668;193.75180514104156
1722;212.39998323346495;191.5856358910175
1723;211.8452479219699;190.1800327332241
1724;211.65206597296114;191.84557620102038
1725;213.03737674255225;194.34870511215928
1726;212.37984956271617;194.34870511215928
1727;211.4210959190379;193.16453258881276
1728;213.34135057982925;195.07076152883394
1729;214.193730867671;197.90122268219872
1730;214.17359534968264;197.5064985077499
1731;214.54239179007624;197.9686146144217
1732;214.60915065244814;197.21767594108005
1733;215.24840998256664;198.44035813998252
1734;214.75285391243344;198.66178877442943
1735;215.16973030524946;200.51988062000564
1736;215.373175614229;201.906228940021
1737;215.02698018521204;202.0698950611339
1738;215.34080326769526;204.53451429671685
1739;214.46071740624413;203.78357562337519
1740;213.0749037361411;202.8208337344756
1741;213.17438962820597;201.75219023779707
1742;212.0608235894077;202.50312891113873
1743;212.21877096631653;200.95311447001038
1744;212.94230156057216;200.04813709444477
1745;212.76016307725683;202.33946279002575
1746;213.78687884559184;202.2720708578028
1747;214.54349476540773;203.1770482333684
1748;217.0743867597853;205.67054972561834
1749;215.86328090050233;205.91123519784324
1750;216.36618779781494;205.50688360450542
1751;215.49043638824702;203.8702223933761
1752;215.36216389826203;203.29257726003635
1753;215.82760857645792;203.78357562337513
1754;216.75735481072502;205.15066910561256
1755;217.34322968913636;206.6718012900739
1756;216.52452987557402;208.42399152787115
1757;214.90938099223;208.21218831231326
1758;215.39190656772237;209.0112640800999
1759;215.87620403657513;210.50351400789427
1760;215.33726591044598;210.99451237123304
1761;216.6169738797404;209.56965437566166
1762;216.56019532337694;209.6370463078846
1763;217.0531755791978;210.48425917011622
1764;221.50186724249136;211.08115914123397
1765;219.8697267240278;211.04264946567798
1766;219.94838554301282;209.68518340232956
1767;220.76532467424684;211.76470588235264
1768;221.69158873918343;212.07278328680053
1769;220.6549427481948;211.50476557234978
1770;218.94114099454097;208.57803023009504
1771;219.6719470376308;208.04852219120025
1772;219.71403513631094;206.9413690189657
1773;219.85443628166558;208.8090882834309
1774;219.25419688964894;207.93299316453226
1775;219.1946407055604;206.46962549340492
1776;219.48312814715965;206.5177625878499
1777;219.52936299045547;206.296331953403
1778;220.2299558083399;207.4901318956385
1779;218.95617407849613;205.09290459227853
1780;218.3014574650992;203.54289015115017
1781;217.10037508530607;201.97362087224386
1782;217.38429070556833;201.93511119668787
1783;217.78642098262125;203.33108693559225
1784;217.4425279912542;202.7630692211415
1785;218.8484817107874;205.00625782227755
1786;218.2286162079518;202.24318860113573
1787;219.09182020869545;203.60065466448415
1788;219.79721458654242;204.88110137672064
1789;220.5938732719121;207.84634639453137
1790;220.347651376706;208.64542216231803
1791;219.5101560121231;208.31808992009218
1792;220.90812136375902;208.69355925676302
1793;220.97301472283365;207.8174641378644
1794;221.4602817716619;206.363723885626
1795;221.52887500850983;205.6994319822853
1796;221.81527665729286;205.99788196784417
1797;223.32323983290027;207.38423028785957
1798;223.33125606443846;206.20005776451308
1799;222.15299030140565;206.45999807451594
1800;224.02928980038033;208.19293347453518
1801;225.05072797603108;205.66092230672928
1802;225.2856358158522;205.81496100895322
1803;224.8899258821466;205.3720997400594
1804;224.84201162134724;203.43698854337126
1805;223.34041055289205;200.1059016077787
1806;223.38748309528475;199.6437855011069
1807;223.75162027976927;200.45248868778256
1808;222.5246199898386;197.49687108886081
1809;222.89772952319987;197.5353807644168
1810;223.9666957247632;198.70029844998527
1811;222.2972805944519;198.16116299220153
1812;221.25426403117316;198.18041782997952
1813;220.74418556285218;195.4558582843937
1814;220.77162865769722;197.044382401078
1815;220.10426889443707;196.78444209107514
1816;221.30300545270168;199.11427746221213
1817;222.0449069720032;200.36584191778158
1818;222.78073682077923;201.40560315779314
1819;223.2345731700309;202.27207085780276
1820;221.87793680646413;201.0108789833443
1821;223.44233484434733;199.99999999999977
1822;223.4598303614758;202.11803215557885
1823;223.83046480385937;202.09877731780085
1824;223.63846955884532;199.39347260999304
1825;223.7663927187893;197.69904688552975
1826;222.64325686661252;195.21517281216884
1827;222.5120910083419;194.88784056994297
1828;225.0945329188842;196.30307114662537
1829;225.18505378827953;193.48223741214957
1830;224.31261336488885;191.19091171656856
1831;222.78594175868642;190.27630692211395
1832;224.15076808252638;192.56763261769498
1833;222.9614430948251;193.80956965437545
1834;223.09636940370493;195.85058245884255
1835;224.14418789985635;199.53788389332797
1836;224.05251622714525;201.41523057668215
1837;223.18063270812394;201.771445075575
1838;222.9216581196123;202.33946279002575
1839;223.65016365439368;202.54163858669466
1840;223.28168393426054;200.90497737556538
1841;224.80813945932275;204.04351593337802
1842;224.91031889443883;203.87022239337608
1843;226.15029932403132;207.75969962453044
1844;223.86278510070537;208.09665928564527
1845;224.8590763567922;208.33734475787017
1846;225.48807386623247;208.60691248676204
1847;225.19885434691025;210.14729950900136
1848;224.8480590606343;209.72369307788554
1849;225.1253163878673;210.58053335900618
1850;225.50794629550552;210.70568980456315
1851;225.16347170047217;210.29171079233632
1852;225.4906336662161;210.49388658900523
1853;225.18061205176693;210.30133821122533
1854;225.87173040051036;211.090786560123
1855;227.35248447879368;212.3327235968035
1856;226.31908495846773;211.187060749013
1857;226.3213586623466;211.06190430345603
1858;226.34524759319277;210.24357369789138
1859;226.70714756621427;211.91874458457667
1860;227.19558810766483;212.7852122845863
1861;227.3388682407633;213.6227977279289
1862;228.03861654192627;214.6047944546065
1863;228.05187403138487;217.53152979686124
1864;228.6159962665304;218.10917493020102
1865;228.31060523184507;218.08992009242303
1866;229.6454882011401;219.0815442379896
1867;230.9291579162297;220.36199095022604
1868;228.77234570051306;217.12717820352344
1869;231.36468765851774;219.36073938577047
1870;231.16124831512278;219.72658130355228
1871;232.55528943464438;220.97814575912176
1872;231.41885282319905;221.05516511023373
1873;231.32574066437593;220.429382882449
1874;231.37765775475927;219.17781842687953
1875;230.6173151481331;217.4256281890823
1876;230.97389085678776;216.6843169346296
1877;231.06998597969655;217.07904110907842
1878;231.59095275629858;220.14056031577908
1879;231.57039051037913;219.81322807355323
1880;232.07217121758816;221.0551651102337
1881;231.4574928945889;220.91075382689877
1882;232.44315300559228;221.0744199480117
1883;231.41072710786938;220.25608934244707
1884;230.89376241064554;219.0141523057666
1885;232.26769570870795;220.93963608356574
1886;232.62608882925394;223.66419562915158
1887;233.00598240847867;224.1551939924904
1888;232.856378412308;224.8098584769421
1889;233.4065755038904;224.99277943583303
1890;233.75352890706523;226.17695195917952
1891;235.01740993600762;226.03254067584456
1892;235.27549643432152;227.73659381919683
1893;235.73388968509119;227.60180995475088
1894;235.27527181300994;223.93376335804345
1895;237.02629541824413;226.73534225474123
1896;236.49419539819056;229.15182439587917
1897;237.72482262651152;228.42014056031547
1898;238.54596598162294;228.94964859921026
1899;238.84754660636565;230.83662270145345
1900;239.14842259076494;230.97140656589937
1901;239.33030026400596;232.29999037258077
1902;239.40193449228408;232.07855973813386
1903;238.86058510694548;228.9015115047652
1904;241.39302099998682;231.09656301145628
1905;242.54779972233575;232.44440165591573
1906;242.25736890449747;231.32762106479223
1907;242.03311198244973;229.93164532588784
1908;241.56460253009558;230.23009531144672
1909;242.6622497551916;235.09194185038965
1910;242.7720849161176;235.16896120150162
1911;242.61484541062433;234.283238663714
1912;242.2451442515635;234.6779628381628
1913;242.33263164717695;234.29286608260298
1914;242.97887911233394;235.5155482815054
1915;245.07072986709903;237.4025223837486
1916;245.34193538687018;237.1233272359677
1917;244.97531631205268;234.69721767594075
1918;245.44551881163005;235.91027245595424
1919;245.42898162182513;238.3363820159812
1920;244.64850303056684;236.78636757485287
1921;244.9038438315716;236.516799845961
1922;245.36483854738677;239.16434004043484
1923;245.74877908188304;238.70222393376307
1924;245.61885081757072;238.01867719264436
1925;246.33423018456273;236.47829017040505
1926;246.64994255496586;237.9705400981994
1927;247.2563943839532;239.3183787426588
1928;247.58240657577497;241.4460383171269
1929;246.7153582301544;242.22585924713553
1930;247.55989019926415;241.88889958602067
1931;248.4781015135684;241.147588331568
1932;247.92755139303532;240.47366900933827
1933;248.5661598343632;242.55319148936135
1934;249.10923217991856;242.82275921825322
1935;250.0654919456084;240.57957061711718
1936;250.7674768010413;240.83951092712007
1937;249.55196037441345;237.87426590930937
1938;251.02451891203515;240.5121786848942
1939;251.30618285501984;240.41590449600426
1940;250.3161645738423;240.77211899489708
1941;250.48560493396226;238.49042071820506
1942;252.4310410322241;240.2618657937803
1943;252.01326597538952;236.7671127370748
1944;252.8432613183144;233.927024164821
1945;253.05605329674856;233.4456532203712
1946;252.93213668178706;232.09781457591183
1947;251.77219317983753;231.57793395590602
1948;251.45553891837574;229.5561759892169
1949;252.20621294853674;231.55867911812805
1950;253.62937178475602;234.33137575815883
1951;252.819247496963;234.3795128526038
1952;252.8936373309084;233.30124193703628
1953;253.37686738935562;235.68884182150722
1954;253.7096938648665;236.4397804948489
1955;251.27768966531988;232.7139693848075
1956;251.043532423202;234.03292577259992
1957;251.74079859640855;236.96928853374365
1958;252.32532951545426;239.4242803504376
1959;252.7155524421835;239.74198517377448
1960;253.00886493584645;239.74198517377448
1961;253.86623964266624;240.9646673726769
1962;253.4571443053992;241.35939154712574
1963;253.37954053258983;241.30162703379176
1964;253.60356799043606;242.46654471936026
1965;254.6532211454621;245.30663329161405
1966;254.20170827266233;244.79638009049728
1967;254.8565934743853;245.08520265716714
1968;254.68802465715657;245.30663329161408
1969;254.92126363139;245.9227881005098
1970;254.39152606905267;245.25849619716908
1971;253.99073879358858;243.44854144603786
1972;254.66399729758672;245.15259458939013
1973;254.15094929767574;245.2103591027241
1974;253.31047680556182;243.4004043515929
1975;253.76577518451273;241.94666409935454
1976;254.19388911653525;243.89140271493173
